id,date,country,district,region,response,age,years_service,gender,profession,facility
23200001,22/09/2022,Mexico,Veracruz,46675-63227,"massa. Mauris vestibulum, neque sed",25-34,44722,Female,Botanist,Private facility
23200002,23/09/2022,Mexico,Baja California,58392-44252,"lacinia at, iaculis quis, pede.",25-34,58566,Diverse,Fine Artist,Private facility
23200003,12/06/2023,Mexico,Jalisco,18284-04112,"montes, nascetur ridiculus mus. Aenean",25-34,45227,Diverse,Meteorologist,Private facility
23200004,17/12/2021,Mexico,Puebla,12233-25606,"vestibulum lorem, sit amet ultricies",25-34,45485,Diverse,Jeweller,Private facility
23200005,17/08/2022,Mexico,Nuevo Le√≥n,75114-23612,"posuere vulputate, lacus. Cras interdum.",25-34,47921,Diverse,Florist,Private facility
23200006,23/01/2023,Mexico,Michoac√°n,87167-67735,"ante. Maecenas mi felis, adipiscing",25-34,51650,Diverse,Chef,Private facility
23200007,27/01/2023,Mexico,Jalisco,68747-54246,"elit, pretium et, rutrum non,",25-34,45574,Diverse,Fine Artist,Private facility
23200008,24/04/2022,Mexico,Hidalgo,42663-08779,"auctor vitae, aliquet nec, imperdiet",25-34,50578,Diverse,Salesman,Private facility
23200009,24/06/2023,Mexico,Oaxaca,55814-97423,"torquent per conubia nostra, per",25-34,59166,Diverse,Biochemist,Private facility
23200010,29/10/2021,Mexico,Veracruz,66037-83567,"varius orci, in consequat enim",25-34,49535,Diverse,Carpenter,Private facility
23200011,07/07/2023,Mexico,Morelos,25287-38613,"magna, malesuada vel, convallis in,",25-34,47129,Diverse,Veterinarian,Private facility
23200012,23/11/2022,Mexico,San Luis Potos√≠,28554-86684,"nec ante. Maecenas mi felis,",25-34,48424,Diverse,Veterinarian,Private facility
23200013,06/02/2023,Mexico,Guerrero,82608-26784,"malesuada vel, venenatis vel, faucibus",25-34,49474,Diverse,Historian,Private facility
23200014,16/05/2022,Mexico,Sinaloa,63164-23933,Aenean sed pede nec ante,25-34,47783,Diverse,Engineer,Private facility
23200015,25/04/2022,Mexico,Quer√©taro,17455-51563,"nec, cursus a, enim. Suspendisse",25-34,47289,Diverse,Auditor,Private facility
23200016,02/03/2023,Mexico,Coahuila,71753-46174,"consequat, lectus sit amet luctus",25-34,46172,Diverse,Cook,Private facility
23200017,07/04/2022,Mexico,Mexico City,48154-43856,"eget laoreet posuere, enim nisl",25-34,53760,Diverse,Astronomer,Private facility
23200018,21/11/2021,Mexico,Nuevo Le√≥n,52712-76641,commodo ipsum. Suspendisse non leo.,25-34,42967,Diverse,Actor,Private facility
23200019,04/05/2022,Mexico,Michoac√°n,01481-81343,nonummy. Fusce fermentum fermentum arcu.,25-34,51399,Diverse,Lecturer,Private facility
23200020,12/07/2023,Mexico,Chiapas,47173-75429,eu tempor erat neque non,25-34,46460,Diverse,Interpreter,Private facility
23200021,18/03/2023,Mexico,Guanajuato,29512-52656,"dis parturient montes, nascetur ridiculus",25-34,51517,Diverse,Police Officer,Private facility
23200022,09/03/2022,Mexico,Hidalgo,80768-37185,"porta elit, a feugiat tellus",25-34,59802,Diverse,Biochemist,Private facility
23200023,27/11/2022,Mexico,Tabasco,97387-68434,felis purus ac tellus. Suspendisse,25-34,43173,Diverse,Social Worker,Private facility
23200024,24/02/2023,Mexico,Nuevo Le√≥n,91158-00472,nunc sed libero. Proin sed,25-34,40734,Diverse,Archeologist,Private facility
23200025,24/12/2022,Mexico,Puebla,16091-31647,massa lobortis ultrices. Vivamus rhoncus.,25-34,43614,Diverse,Engineer,Private facility
23200026,06/10/2021,Mexico,Mexico City,87802-23215,senectus et netus et malesuada,35-50,47441,Diverse,Programmer,Private facility
23200027,24/01/2022,Mexico,Chihuahua,90961-20415,sapien. Aenean massa. Integer vitae,35-50,50396,Diverse,Chemist,Private facility
23200028,13/03/2022,Mexico,Chiapas,63312-02810,nunc. Quisque ornare tortor at,35-50,57665,Diverse,Astronomer,Private facility
23200029,16/12/2022,Mexico,Quer√©taro,24808-63434,"mauris elit, dictum eu, eleifend",35-50,40191,Diverse,Journalist,Private facility
23200030,10/06/2022,Mexico,Quer√©taro,55897-59155,semper. Nam tempor diam dictum,35-50,44348,Diverse,Economist,Private facility
23200031,08/01/2022,Mexico,Puebla,77875-54993,"id, blandit at, nisi. Cum",35-50,52275,Diverse,Hairdresser,Private facility
23200032,12/08/2023,Mexico,Quer√©taro,65109-77324,consectetuer adipiscing elit. Curabitur sed,35-50,50368,Diverse,Electrician,Private facility
23200033,05/08/2022,Mexico,Sonora,88334-24872,Proin velit. Sed malesuada augue,35-50,58683,Female,Carpenter,Private facility
23200034,14/05/2022,Mexico,Guanajuato,65682-35424,"vitae nibh. Donec est mauris,",35-50,49585,Female,Driver,Private facility
23200035,14/04/2023,Mexico,Sinaloa,25463-77128,Aliquam fringilla cursus purus. Nullam,35-50,48009,Female,Lecturer,Private facility
23200036,03/08/2022,Mexico,Yucat√°n,78727-30771,est. Nunc laoreet lectus quis,35-50,51147,Female,Florist,Private facility
23200037,19/11/2021,Mexico,San Luis Potos√≠,48660-83325,"ipsum sodales purus, in molestie",35-50,50260,Female,Cook,Private facility
23200038,18/05/2022,Mexico,Coahuila,99988-82537,"mauris, rhoncus id, mollis nec,",35-50,59116,Female,Mechanic,Private facility
23200039,29/08/2021,Mexico,Michoac√°n,11068-73342,"facilisis vitae, orci. Phasellus dapibus",35-50,47079,Female,Composer,Private facility
23200040,18/03/2022,Mexico,Michoac√°n,48353-63089,"Nunc mauris sapien, cursus in,",35-50,41975,Female,Police Officer,Private facility
23200041,23/08/2021,Mexico,Quer√©taro,14333-58880,nec ante blandit viverra. Donec,35-50,40435,Female,Carpenter,Private facility
23200042,03/12/2021,Mexico,Sinaloa,81227-55287,Fusce feugiat. Lorem ipsum dolor,35-50,40968,Female,Fashion Designer,Private facility
23200043,05/07/2023,Mexico,Oaxaca,45272-21254,nascetur ridiculus mus. Aenean eget,35-50,59445,Female,Auditor,Private facility
23200044,14/08/2022,Mexico,Yucat√°n,33046-32481,molestie dapibus ligula. Aliquam erat,35-50,44288,Female,Botanist,Private facility
23200045,08/08/2023,Mexico,Hidalgo,68836-67458,Fusce aliquet magna a neque.,35-50,56077,Female,Lawer,Private facility
23200046,12/10/2021,Mexico,Puebla,48874-75137,"metus. In lorem. Donec elementum,",35-50,53067,Female,Florist,Private facility
23200047,02/02/2023,Mexico,Baja California,25331-59131,Suspendisse sed dolor. Fusce mi,35-50,47484,Female,Teacher,Private facility
23200048,25/10/2021,Mexico,Chihuahua,13724-42595,velit justo nec ante. Maecenas,35-50,53482,Female,Hairdresser,Private facility
23200049,20/02/2022,Mexico,Yucat√°n,61776-37117,"est, vitae sodales nisi magna",35-50,42096,Female,Accountant,Public facility
23200050,18/12/2021,Mexico,Morelos,53201-30259,"elit, pretium et, rutrum non,",35-50,53746,Female,Historian,Public facility
23200051,25/05/2022,Mexico,Tamaulipas,17887-27467,a mi fringilla mi lacinia,35-50,47588,Female,Producer,Public facility
23200052,25/03/2022,Mexico,Michoac√°n,64347-47842,"sodales at, velit. Pellentesque ultricies",35-50,57113,Female,Photographer,Public facility
23200053,16/11/2021,Mexico,Tamaulipas,44377-23542,Vivamus rhoncus. Donec est. Nunc,35-50,52188,Female,Architect,Public facility
23200054,27/10/2022,Mexico,Jalisco,42204-59759,"Vivamus nibh dolor, nonummy ac,",35-50,57567,Female,Composer,Public facility
23200055,03/06/2023,Mexico,Guanajuato,87359-87257,dapibus ligula. Aliquam erat volutpat.,35-50,53264,Female,Journalist,Public facility
23200056,07/10/2022,Mexico,Tabasco,77417-36141,ipsum non arcu. Vivamus sit,35-50,43107,Female,Chemist,Public facility
23200057,24/09/2022,Mexico,Puebla,63717-51327,Aenean eget metus. In nec,35-50,58050,Female,Driver,Public facility
23200058,09/02/2022,Mexico,Coahuila,78154-70184,"sit amet, dapibus id, blandit",51-65,51148,Female,Salesman,Public facility
23200059,31/03/2022,Mexico,Tabasco,04223-65819,"nibh. Phasellus nulla. Integer vulputate,",51-65,49298,Female,Baker,Public facility
23200060,04/06/2022,Mexico,Jalisco,58982-27248,ipsum. Suspendisse non leo. Vivamus,51-65,50215,Female,Dancer,Public facility
23200061,05/12/2021,Mexico,Chiapas,42527-61883,mauris. Morbi non sapien molestie,51-65,57782,Female,Archeologist,Public facility
23200062,12/06/2022,Mexico,Mexico City,46063-97085,mauris. Suspendisse aliquet molestie tellus.,51-65,42417,Female,Agronomist,Public facility
23200063,04/09/2022,Mexico,Quer√©taro,51103-23541,cursus. Integer mollis. Integer tincidunt,51-65,42936,Female,Actor,Public facility
23200064,27/11/2021,Mexico,Jalisco,96070-62200,"elementum, dui quis accumsan convallis,",51-65,55773,Female,Social Worker,Public facility
23200065,20/05/2022,Mexico,Tabasco,67161-60526,"egestas a, dui. Cras pellentesque.",51-65,47026,Female,Social Worker,Public facility
23200066,26/08/2021,Mexico,Michoac√°n,15784-85447,Sed eu nibh vulputate mauris,51-65,41980,Female,Astronomer,Public facility
23200067,29/04/2022,Mexico,Hidalgo,99457-42139,Sed eget lacus. Mauris non,51-65,55424,Female,Lecturer,Public facility
23200068,13/01/2023,Mexico,Hidalgo,77042-61307,"a, facilisis non, bibendum sed,",51-65,50296,Female,Agronomist,Public facility
23200069,07/02/2023,Mexico,Veracruz,92773-85732,risus. Nunc ac sem ut,51-65,48245,Female,Veterinarian,Public facility
23200070,15/08/2023,Mexico,Quer√©taro,28169-17249,Morbi vehicula. Pellentesque tincidunt tempus,51-65,46561,Female,Scientist,Public facility
23200071,15/11/2021,Mexico,Veracruz,98380-09552,"sit amet luctus vulputate, nisi",51-65,58073,Female,Dancer,Public facility
23200072,18/04/2022,Mexico,Hidalgo,20466-54553,lobortis. Class aptent taciti sociosqu,51-65,40810,Female,Electrician,Public facility
23200073,24/04/2023,Mexico,Oaxaca,33675-59843,non arcu. Vivamus sit amet,51-65,40365,Female,Lawer,Public facility
23200074,07/08/2022,Mexico,Veracruz,58259-51603,"imperdiet, erat nonummy ultricies ornare,",51-65,59519,Female,Archeologist,Public facility
23200075,05/05/2022,Mexico,Chiapas,21952-37256,Morbi accumsan laoreet ipsum. Curabitur,51-65,52414,Female,Dancer,Public facility
23200076,23/07/2022,Mexico,Oaxaca,54261-41587,"ut, sem. Nulla interdum. Curabitur",51-65,45713,Female,Composer,Public facility
23200077,21/03/2023,Mexico,Coahuila,76363-63593,consequat dolor vitae dolor. Donec,51-65,45627,Female,Teacher,Public facility
23200078,19/03/2023,Mexico,Tamaulipas,23647-70675,"est ac facilisis facilisis, magna",51-65,56024,Female,Interior Designer,Public facility
23200079,11/12/2022,Mexico,Quer√©taro,08681-75744,arcu. Morbi sit amet massa.,51-65,45504,Female,Astronomer,Public facility
23200080,05/07/2022,Mexico,Morelos,84936-52726,"posuere, enim nisl elementum purus,",51-65,59954,Female,Lawer,Public facility
23200081,11/04/2023,Mexico,Hidalgo,15371-54912,tincidunt vehicula risus. Nulla eget,51-65,53534,Female,Engineer,Public facility
23200082,27/02/2022,Mexico,Guerrero,57141-47866,ligula consectetuer rhoncus. Nullam velit,51-65,47398,Female,Florist,Public facility
23200083,11/02/2022,Mexico,Hidalgo,94935-51784,leo. Cras vehicula aliquet libero.,51-65,53380,Female,Pharmacist,Public facility
23200084,25/04/2023,Mexico,Yucat√°n,54841-84353,sit amet diam eu dolor,51-65,56786,Female,Archeologist,Public facility
23200085,22/02/2023,Mexico,Morelos,97186-11264,"rhoncus. Nullam velit dui, semper",51-65,58568,Female,Manager,Public facility
23200086,29/10/2021,Mexico,Quer√©taro,38507-61634,turpis. Nulla aliquet. Proin velit.,51-65,59313,Female,Chemist,Public facility
23200087,06/04/2023,Mexico,Michoac√°n,86732-05385,"viverra. Donec tempus, lorem fringilla",51-65,56115,Female,Mechanic,Public facility
23200088,17/07/2023,Mexico,Michoac√°n,73557-93886,sagittis semper. Nam tempor diam,51-65,56985,Female,Physicist,Public facility
23200089,09/03/2022,Mexico,Michoac√°n,59338-34014,Nunc quis arcu vel quam,51-65,53095,Female,Programmer,Public facility
23200090,15/02/2022,Mexico,Oaxaca,04318-72622,"velit. Cras lorem lorem, luctus",51-65,55393,Female,Scientist,Public facility
23200091,13/09/2022,Mexico,Mexico City,98233-96635,"in magna. Phasellus dolor elit,",51-65,57781,Female,Cook,Public facility
23200092,04/03/2022,Mexico,Michoac√°n,37887-11568,justo. Proin non massa non,51-65,54347,Female,Journalist,Public facility
23200093,27/01/2022,Mexico,Mexico City,43125-35327,"sed, sapien. Nunc pulvinar arcu",51-65,59320,Female,Economist,Public facility
23200094,02/01/2023,Mexico,Nuevo Le√≥n,66174-81033,Integer tincidunt aliquam arcu. Aliquam,51-65,54073,Female,Archeologist,Public facility
23200095,14/03/2022,Mexico,Jalisco,36147-45774,sagittis placerat. Cras dictum ultricies,51-65,48390,Female,Engineer,Public facility
23200096,20/02/2022,Mexico,Sonora,57051-33227,"ultricies ornare, elit elit fermentum",51-65,52513,Female,Driver,Public facility
23200097,14/02/2022,Mexico,Nuevo Le√≥n,75738-38234,"risus varius orci, in consequat",51-65,48633,Female,Economist,Public facility
23200098,20/05/2023,Mexico,Puebla,36124-22748,consectetuer mauris id sapien. Cras,51-65,47819,Female,Producer,Public facility
23200099,30/05/2022,Mexico,Hidalgo,51233-75926,Nam porttitor scelerisque neque. Nullam,51-65,53101,Female,Interpreter,Public facility
,,,,,,,,,,
,,,,,,,,,,